{"K3A_20200504045549_28203_00042683_L1R_br.jpg": {"CENTER": [33.33774387774781, 126.7118142731666], "TOP_LEFT": [33.37135230118353, 126.60765243790163], "TOP_CENTER": [33.39628287264512, 126.69889794072566], "TOP_RIGHT": [33.421550643975976, 126.7915941294853], "BOTTOM_LEFT": [33.2542775296412, 126.63360634627223], "BOTTOM_CENTER": [33.27920580160929, 126.72472810628793], "BOTTOM_RIGHT": [33.30447154979968, 126.81729838241438]}, "K3A_20201124045546_31286_00047175_L1R_br.jpg": {"CENTER": [33.251736422718444, 126.2388554787784], "TOP_LEFT": [33.293250327449805, 126.14738288409198], "TOP_CENTER": [33.31017733761123, 126.22521111832748], "TOP_RIGHT": [33.32722295073649, 126.30379422486267], "BOTTOM_LEFT": [33.17637263921356, 126.17474173897729], "BOTTOM_CENTER": [33.19329506913911, 126.25246477930382], "BOTTOM_RIGHT": [33.21033627981873, 126.33094154154303]}, "K3A_20201124045546_31286_00069045_L1R_br.jpg": {"CENTER": [33.36665306557188, 126.21200984617725], "TOP_LEFT": [33.40814504716048, 126.12040650612393], "TOP_CENTER": [33.42507663519884, 126.19833833832858], "TOP_RIGHT": [33.44212664860929, 126.27702616232574], "BOTTOM_LEFT": [33.29129644116818, 126.14784332854241], "BOTTOM_CENTER": [33.308223358731226, 126.225669829025], "BOTTOM_RIGHT": [33.325268882270464, 126.30425118372048]}, "K3A_20210405050036_33281_00024452_L1R_br.jpg": {"CENTER": [33.20572226688372, 126.51518397210687], "TOP_LEFT": [33.24555002885236, 126.41617575724088], "TOP_CENTER": [33.26427057173036, 126.50201907782353], "TOP_RIGHT": [33.28318736001519, 126.58903040814991], "BOTTOM_LEFT": [33.1284393631656, 126.442604472444], "BOTTOM_CENTER": [33.147156780843105, 126.52833170709125], "BOTTOM_RIGHT": [33.16607067444378, 126.61522522297882]}, "K3A_20210405050036_33281_00045450_L1R_br.jpg": {"CENTER": [33.320794366573686, 126.48882263380938], "TOP_LEFT": [33.36066346000618, 126.38980038034411], "TOP_CENTER": [33.379360446863835, 126.4756448320357], "TOP_RIGHT": [33.39825332786289, 126.56265746525868], "BOTTOM_LEFT": [33.24353894307916, 126.41626798572213], "BOTTOM_CENTER": [33.26223288067212, 126.50199581322862], "BOTTOM_RIGHT": [33.28112294329986, 126.58889008291735]}, "K3A_20210405050036_33281_00066450_L1R_br.jpg": {"CENTER": [33.435953773165245, 126.46290598528738], "TOP_LEFT": [33.475817052821704, 126.36375007841586], "TOP_CENTER": [33.494517110432184, 126.4497099917615], "TOP_RIGHT": [33.513412836285994, 126.5368398128441], "BOTTOM_LEFT": [33.358690534732624, 126.39024632080724], "BOTTOM_CENTER": [33.377387469769694, 126.47608879911212], "BOTTOM_RIGHT": [33.39628030281728, 126.56309942942049]}, "K3A_20210405050036_33281_00087454_L1R_br.jpg": {"CENTER": [33.55113445426408, 126.43693583795111], "TOP_LEFT": [33.59103591436151, 126.33762341900243], "TOP_CENTER": [33.60973903007413, 126.42369928561915], "TOP_RIGHT": [33.62863758706488, 126.51094679173181], "BOTTOM_LEFT": [33.47386439678772, 126.3641923216714], "BOTTOM_CENTER": [33.49256440137859, 126.45015027455393], "BOTTOM_RIGHT": [33.51146007804987, 126.53727810592231]}, "K3A_20210529045218_34097_00043702_L1R_br.jpg": {"CENTER": [33.28581752395367, 126.60794875273143], "TOP_LEFT": [33.32804427100678, 126.51884475369398], "TOP_CENTER": [33.344168571118026, 126.59332160641289], "TOP_RIGHT": [33.36031752872, 126.66801058150659], "BOTTOM_LEFT": [33.21135331540517, 126.54818581094635], "BOTTOM_CENTER": [33.227470740275976, 126.62256352028108], "BOTTOM_RIGHT": [33.24361301546778, 126.69715300524965]}, "K3A_20210529045218_34097_00063830_L1R_br.jpg": {"CENTER": [33.40049372505512, 126.57919347429267], "TOP_LEFT": [33.442710492745974, 126.48997505889301], "TOP_CENTER": [33.458841595395036, 126.56455001484208], "TOP_RIGHT": [33.47499716700797, 126.63933744198492], "BOTTOM_LEFT": [33.326009939709245, 126.51935612274949], "BOTTOM_CENTER": [33.342134106579564, 126.59383123734945], "BOTTOM_RIGHT": [33.3582829341797, 126.66851846787699]}, "K3A_20210529045218_34097_00083962_L1R_br.jpg": {"CENTER": [33.51519144324881, 126.5503881216314], "TOP_LEFT": [33.55738789309496, 126.46104044389035], "TOP_CENTER": [33.57352581536229, 126.53571381657727], "TOP_RIGHT": [33.58968801653758, 126.61060000861548], "BOTTOM_LEFT": [33.44073343910917, 126.490473383224], "BOTTOM_CENTER": [33.45686443415559, 126.56504664593358], "BOTTOM_RIGHT": [33.473019901490275, 126.63983237396711]}, "K3A_20221211045758_42575_00026436_L1R_br.jpg": {"CENTER": [33.19868487838674, 126.54010420089372], "TOP_LEFT": [33.24368679904657, 126.45516363662011], "TOP_CENTER": [33.256965928207144, 126.52541325105489], "TOP_RIGHT": [33.270233597723006, 126.59578702962258], "BOTTOM_LEFT": [33.127139072750374, 126.48462983112383], "BOTTOM_CENTER": [33.140410911564594, 126.55478657345901], "BOTTOM_RIGHT": [33.15367145924449, 126.62506723554355]}, "K3A_20230408045613_44359_00021958_L1R_br.jpg": {"CENTER": [33.40611764250932, 126.77948062317724], "TOP_LEFT": [33.451950267513716, 126.68623289311415], "TOP_CENTER": [33.46425062306483, 126.76424738312046], "TOP_RIGHT": [33.47651804710404, 126.84212561029993], "BOTTOM_LEFT": [33.335669440798014, 126.71682330472575], "BOTTOM_CENTER": [33.34796036072231, 126.79473165465895], "BOTTOM_RIGHT": [33.36021859754099, 126.87250391579074]}, "K3A_20230408045613_44359_00040308_L1R_br.jpg": {"CENTER": [33.50842406631769, 126.75284488463322], "TOP_LEFT": [33.55405119309471, 126.66060421629922], "TOP_CENTER": [33.566374218849695, 126.73880262062357], "TOP_RIGHT": [33.578664051587516, 126.81686450002988], "BOTTOM_LEFT": [33.43739602579587, 126.69005117016403], "BOTTOM_CENTER": [33.449695070325106, 126.76805145242898], "BOTTOM_RIGHT": [33.46196121482502, 126.84591549454166]}, "K3A_20230501045032_44707_00057389_L1R_br.jpg": {"CENTER": [33.35269353313286, 126.87771630719425], "TOP_LEFT": [33.40633272841962, 126.77263004869161], "TOP_CENTER": [33.410668004166666, 126.86142784382817], "TOP_RIGHT": [33.41493983608697, 126.94930515082174], "BOTTOM_LEFT": [33.29039737637286, 126.80530825485715], "BOTTOM_CENTER": [33.29471647491151, 126.89398433585365], "BOTTOM_RIGHT": [33.298972581990604, 126.98174123328043]}, "K3A_20230501045032_44707_00075369_L1R_br.jpg": {"CENTER": [33.46673203939887, 126.84565749875775], "TOP_LEFT": [33.5203527932384, 126.74041384915172], "TOP_CENTER": [33.524704099535874, 126.82933204909575], "TOP_RIGHT": [33.52899151506585, 126.91732847041176], "BOTTOM_LEFT": [33.40442973767624, 126.77316715211654], "BOTTOM_CENTER": [33.40876474578708, 126.86196294371143], "BOTTOM_RIGHT": [33.413036317526455, 126.94983826864966]}, "K3A_20230501045032_44707_00093350_L1R_br.jpg": {"CENTER": [33.58077402960755, 126.81352325059714], "TOP_LEFT": [33.63437855391684, 126.70812231664601], "TOP_CENTER": [33.63874602142086, 126.79716142047518], "TOP_RIGHT": [33.6430491491278, 126.88527745080408], "BOTTOM_LEFT": [33.51845739706742, 126.7409500242049], "BOTTOM_CENTER": [33.52280843657408, 126.82986621705014], "BOTTOM_RIGHT": [33.5270955927561, 126.9178606527881]}, "K3A_20230516044713_44934_00084310_L1R_br.jpg": {"CENTER": [33.44669153593212, 126.692866251218], "TOP_LEFT": [33.49388917166275, 126.58141574635694], "TOP_CENTER": [33.50453666525672, 126.67576824148352], "TOP_RIGHT": [33.51496644686063, 126.76867961514456], "BOTTOM_LEFT": [33.378219706114464, 126.61571684521121], "BOTTOM_CENTER": [33.38884404478862, 126.70994349141255], "BOTTOM_RIGHT": [33.39925134469177, 126.80273083976651]}, "K3A_20230516044713_44934_00104530_L1R_br.jpg": {"CENTER": [33.560465797694754, 126.65921445542521], "TOP_LEFT": [33.60763220105207, 126.54759430518813], "TOP_CENTER": [33.61830267937707, 126.64207129562223], "TOP_RIGHT": [33.628754779213345, 126.73510535914063], "BOTTOM_LEFT": [33.491978012334364, 126.58198312599734], "BOTTOM_CENTER": [33.50262512330442, 126.6763335368038], "BOTTOM_RIGHT": [33.51305453341244, 126.7692428563155]}, "K3A_20230929051105_46994_00051443_L1R_br.jpg": {"CENTER": [33.24294146133907, 126.34862010540833], "TOP_LEFT": [33.28987648495016, 126.26476596325477],